"","lineup","weapon","feature","id","foil"
"1","Simultaneous","no","no","correct","correct"
"2","Simultaneous","no","no","correct","correct"
"3","Simultaneous","no","no","correct","correct"
"4","Simultaneous","no","no","correct","correct"
"5","Simultaneous","no","no","correct","correct"
"6","Simultaneous","no","no","correct","correct"
"7","Simultaneous","no","no","correct","correct"
"8","Simultaneous","no","no","correct","correct"
"9","Simultaneous","no","no","correct","correct"
"10","Simultaneous","no","no","correct","correct"
"11","Simultaneous","no","no","correct","correct"
"12","Simultaneous","no","no","correct","correct"
"13","Simultaneous","no","no","correct","correct"
"14","Simultaneous","no","no","correct","correct"
"15","Simultaneous","no","no","correct","correct"
"16","Simultaneous","no","no","correct","correct"
"17","Simultaneous","no","no","correct","correct"
"18","Simultaneous","no","no","correct","correct"
"19","Simultaneous","no","no","correct","correct"
"20","Simultaneous","no","no","correct","correct"
"21","Simultaneous","no","no","correct","correct"
"22","Simultaneous","no","no","correct","correct"
"23","Simultaneous","no","no","correct","correct"
"24","Simultaneous","no","no","correct","correct"
"25","Simultaneous","no","no","correct","correct"
"26","Simultaneous","no","no","correct","correct"
"27","Simultaneous","no","no","correct","correct"
"28","Simultaneous","no","no","correct","correct"
"29","Simultaneous","no","no","correct","correct"
"30","Simultaneous","no","no","correct","correct"
"31","Simultaneous","no","no","correct","correct"
"32","Simultaneous","no","no","correct","correct"
"33","Simultaneous","no","no","correct","correct"
"34","Simultaneous","no","no","correct","correct"
"35","Simultaneous","no","no","correct","correct"
"36","Simultaneous","no","no","correct","correct"
"37","Simultaneous","no","no","correct","correct"
"38","Simultaneous","no","no","correct","correct"
"39","Simultaneous","no","no","correct","correct"
"40","Simultaneous","no","no","correct","correct"
"41","Simultaneous","no","no","foil","foil"
"42","Simultaneous","no","no","foil","foil"
"43","Simultaneous","no","no","foil","foil"
"44","Simultaneous","no","no","foil","foil"
"45","Simultaneous","no","no","foil","foil"
"46","Simultaneous","no","no","foil","foil"
"47","Simultaneous","no","no","foil","foil"
"48","Simultaneous","no","no","foil","foil"
"49","Simultaneous","no","no","foil","foil"
"50","Simultaneous","no","no","foil","foil"
"51","Simultaneous","no","no","foil","foil"
"52","Simultaneous","no","no","foil","foil"
"53","Simultaneous","no","no","foil","foil"
"54","Simultaneous","no","no","foil","foil"
"55","Simultaneous","no","no","foil","foil"
"56","Simultaneous","no","no","foil","foil"
"57","Simultaneous","no","no","foil","foil"
"58","Simultaneous","no","no","foil","foil"
"59","Simultaneous","no","no","foil","foil"
"60","Simultaneous","no","no","foil","foil"
"61","Simultaneous","no","no","foil","foil"
"62","Simultaneous","no","no","foil","foil"
"63","Simultaneous","no","no","foil","foil"
"64","Simultaneous","no","no","foil","foil"
"65","Simultaneous","no","no","foil","foil"
"66","Simultaneous","no","no","foil","foil"
"67","Simultaneous","no","no","foil","foil"
"68","Simultaneous","no","no","foil","foil"
"69","Simultaneous","no","no","foil","foil"
"70","Simultaneous","no","no","foil","foil"
"71","Simultaneous","no","no","foil","foil"
"72","Simultaneous","no","no","foil","foil"
"73","Simultaneous","no","no","foil","foil"
"74","Simultaneous","no","no","foil","foil"
"75","Simultaneous","no","no","foil","foil"
"76","Simultaneous","no","no","foil","foil"
"77","Simultaneous","no","no","foil","foil"
"78","Simultaneous","no","no","foil","foil"
"79","Simultaneous","no","no","foil","foil"
"80","Simultaneous","no","no","foil","foil"
"81","Simultaneous","no","no","foil","foil"
"82","Simultaneous","no","no","foil","foil"
"83","Simultaneous","no","no","foil","foil"
"84","Simultaneous","no","no","foil","foil"
"85","Simultaneous","no","no","foil","foil"
"86","Simultaneous","no","no","foil","foil"
"87","Simultaneous","no","no","foil","foil"
"88","Simultaneous","no","no","reject","reject"
"89","Simultaneous","no","no","reject","reject"
"90","Simultaneous","no","no","reject","reject"
"91","Simultaneous","no","no","reject","reject"
"92","Simultaneous","no","no","reject","reject"
"93","Simultaneous","no","no","reject","reject"
"94","Simultaneous","no","no","reject","reject"
"95","Simultaneous","no","no","reject","reject"
"96","Simultaneous","no","no","reject","reject"
"97","Simultaneous","no","no","reject","reject"
"98","Simultaneous","no","no","reject","reject"
"99","Simultaneous","no","no","reject","reject"
"100","Simultaneous","no","no","reject","reject"
"101","Simultaneous","no","no","reject","reject"
"102","Simultaneous","no","no","reject","reject"
"103","Simultaneous","no","no","reject","reject"
"104","Simultaneous","no","no","reject","reject"
"105","Simultaneous","no","no","reject","reject"
"106","Simultaneous","no","no","reject","reject"
"107","Simultaneous","no","no","reject","reject"
"108","Simultaneous","no","no","reject","reject"
"109","Simultaneous","no","no","reject","reject"
"110","Simultaneous","no","yes","correct","correct"
"111","Simultaneous","no","yes","correct","correct"
"112","Simultaneous","no","yes","correct","correct"
"113","Simultaneous","no","yes","correct","correct"
"114","Simultaneous","no","yes","correct","correct"
"115","Simultaneous","no","yes","correct","correct"
"116","Simultaneous","no","yes","correct","correct"
"117","Simultaneous","no","yes","correct","correct"
"118","Simultaneous","no","yes","correct","correct"
"119","Simultaneous","no","yes","correct","correct"
"120","Simultaneous","no","yes","correct","correct"
"121","Simultaneous","no","yes","correct","correct"
"122","Simultaneous","no","yes","correct","correct"
"123","Simultaneous","no","yes","correct","correct"
"124","Simultaneous","no","yes","correct","correct"
"125","Simultaneous","no","yes","correct","correct"
"126","Simultaneous","no","yes","correct","correct"
"127","Simultaneous","no","yes","correct","correct"
"128","Simultaneous","no","yes","correct","correct"
"129","Simultaneous","no","yes","correct","correct"
"130","Simultaneous","no","yes","correct","correct"
"131","Simultaneous","no","yes","correct","correct"
"132","Simultaneous","no","yes","correct","correct"
"133","Simultaneous","no","yes","correct","correct"
"134","Simultaneous","no","yes","correct","correct"
"135","Simultaneous","no","yes","correct","correct"
"136","Simultaneous","no","yes","correct","correct"
"137","Simultaneous","no","yes","foil","foil"
"138","Simultaneous","no","yes","foil","foil"
"139","Simultaneous","no","yes","foil","foil"
"140","Simultaneous","no","yes","foil","foil"
"141","Simultaneous","no","yes","foil","foil"
"142","Simultaneous","no","yes","foil","foil"
"143","Simultaneous","no","yes","foil","foil"
"144","Simultaneous","no","yes","foil","foil"
"145","Simultaneous","no","yes","foil","foil"
"146","Simultaneous","no","yes","foil","foil"
"147","Simultaneous","no","yes","foil","foil"
"148","Simultaneous","no","yes","foil","foil"
"149","Simultaneous","no","yes","foil","foil"
"150","Simultaneous","no","yes","foil","foil"
"151","Simultaneous","no","yes","foil","foil"
"152","Simultaneous","no","yes","foil","foil"
"153","Simultaneous","no","yes","foil","foil"
"154","Simultaneous","no","yes","foil","foil"
"155","Simultaneous","no","yes","foil","foil"
"156","Simultaneous","no","yes","foil","foil"
"157","Simultaneous","no","yes","foil","foil"
"158","Simultaneous","no","yes","foil","foil"
"159","Simultaneous","no","yes","foil","foil"
"160","Simultaneous","no","yes","foil","foil"
"161","Simultaneous","no","yes","foil","foil"
"162","Simultaneous","no","yes","foil","foil"
"163","Simultaneous","no","yes","foil","foil"
"164","Simultaneous","no","yes","foil","foil"
"165","Simultaneous","no","yes","foil","foil"
"166","Simultaneous","no","yes","foil","foil"
"167","Simultaneous","no","yes","foil","foil"
"168","Simultaneous","no","yes","foil","foil"
"169","Simultaneous","no","yes","foil","foil"
"170","Simultaneous","no","yes","foil","foil"
"171","Simultaneous","no","yes","foil","foil"
"172","Simultaneous","no","yes","foil","foil"
"173","Simultaneous","no","yes","foil","foil"
"174","Simultaneous","no","yes","foil","foil"
"175","Simultaneous","no","yes","foil","foil"
"176","Simultaneous","no","yes","foil","foil"
"177","Simultaneous","no","yes","foil","foil"
"178","Simultaneous","no","yes","foil","foil"
"179","Simultaneous","no","yes","foil","foil"
"180","Simultaneous","no","yes","foil","foil"
"181","Simultaneous","no","yes","foil","foil"
"182","Simultaneous","no","yes","foil","foil"
"183","Simultaneous","no","yes","foil","foil"
"184","Simultaneous","no","yes","foil","foil"
"185","Simultaneous","no","yes","foil","foil"
"186","Simultaneous","no","yes","foil","foil"
"187","Simultaneous","no","yes","foil","foil"
"188","Simultaneous","no","yes","foil","foil"
"189","Simultaneous","no","yes","foil","foil"
"190","Simultaneous","no","yes","foil","foil"
"191","Simultaneous","no","yes","foil","foil"
"192","Simultaneous","no","yes","foil","foil"
"193","Simultaneous","no","yes","foil","foil"
"194","Simultaneous","no","yes","foil","foil"
"195","Simultaneous","no","yes","foil","foil"
"196","Simultaneous","no","yes","foil","foil"
"197","Simultaneous","no","yes","foil","foil"
"198","Simultaneous","no","yes","foil","foil"
"199","Simultaneous","no","yes","foil","foil"
"200","Simultaneous","no","yes","reject","reject"
"201","Simultaneous","no","yes","reject","reject"
"202","Simultaneous","no","yes","reject","reject"
"203","Simultaneous","no","yes","reject","reject"
"204","Simultaneous","no","yes","reject","reject"
"205","Simultaneous","no","yes","reject","reject"
"206","Simultaneous","no","yes","reject","reject"
"207","Simultaneous","no","yes","reject","reject"
"208","Simultaneous","no","yes","reject","reject"
"209","Simultaneous","no","yes","reject","reject"
"210","Simultaneous","no","yes","reject","reject"
"211","Simultaneous","no","yes","reject","reject"
"212","Simultaneous","no","yes","reject","reject"
"213","Simultaneous","no","yes","reject","reject"
"214","Simultaneous","no","yes","reject","reject"
"215","Simultaneous","no","yes","reject","reject"
"216","Simultaneous","no","yes","reject","reject"
"217","Simultaneous","no","yes","reject","reject"
"218","Simultaneous","no","yes","reject","reject"
"219","Simultaneous","no","yes","reject","reject"
"220","Simultaneous","no","yes","reject","reject"
"221","Simultaneous","no","yes","reject","reject"
"222","Simultaneous","no","yes","reject","reject"
"223","Simultaneous","no","yes","reject","reject"
"224","Simultaneous","no","yes","reject","reject"
"225","Simultaneous","no","yes","reject","reject"
"226","Simultaneous","no","yes","reject","reject"
"227","Simultaneous","yes","no","correct","correct"
"228","Simultaneous","yes","no","correct","correct"
"229","Simultaneous","yes","no","correct","correct"
"230","Simultaneous","yes","no","correct","correct"
"231","Simultaneous","yes","no","correct","correct"
"232","Simultaneous","yes","no","correct","correct"
"233","Simultaneous","yes","no","correct","correct"
"234","Simultaneous","yes","no","correct","correct"
"235","Simultaneous","yes","no","correct","correct"
"236","Simultaneous","yes","no","correct","correct"
"237","Simultaneous","yes","no","correct","correct"
"238","Simultaneous","yes","no","correct","correct"
"239","Simultaneous","yes","no","correct","correct"
"240","Simultaneous","yes","no","correct","correct"
"241","Simultaneous","yes","no","correct","correct"
"242","Simultaneous","yes","no","correct","correct"
"243","Simultaneous","yes","no","correct","correct"
"244","Simultaneous","yes","no","correct","correct"
"245","Simultaneous","yes","no","correct","correct"
"246","Simultaneous","yes","no","correct","correct"
"247","Simultaneous","yes","no","correct","correct"
"248","Simultaneous","yes","no","correct","correct"
"249","Simultaneous","yes","no","correct","correct"
"250","Simultaneous","yes","no","correct","correct"
"251","Simultaneous","yes","no","correct","correct"
"252","Simultaneous","yes","no","correct","correct"
"253","Simultaneous","yes","no","correct","correct"
"254","Simultaneous","yes","no","correct","correct"
"255","Simultaneous","yes","no","correct","correct"
"256","Simultaneous","yes","no","correct","correct"
"257","Simultaneous","yes","no","correct","correct"
"258","Simultaneous","yes","no","correct","correct"
"259","Simultaneous","yes","no","correct","correct"
"260","Simultaneous","yes","no","correct","correct"
"261","Simultaneous","yes","no","correct","correct"
"262","Simultaneous","yes","no","correct","correct"
"263","Simultaneous","yes","no","correct","correct"
"264","Simultaneous","yes","no","correct","correct"
"265","Simultaneous","yes","no","correct","correct"
"266","Simultaneous","yes","no","correct","correct"
"267","Simultaneous","yes","no","correct","correct"
"268","Simultaneous","yes","no","correct","correct"
"269","Simultaneous","yes","no","correct","correct"
"270","Simultaneous","yes","no","correct","correct"
"271","Simultaneous","yes","no","correct","correct"
"272","Simultaneous","yes","no","correct","correct"
"273","Simultaneous","yes","no","correct","correct"
"274","Simultaneous","yes","no","correct","correct"
"275","Simultaneous","yes","no","foil","foil"
"276","Simultaneous","yes","no","foil","foil"
"277","Simultaneous","yes","no","foil","foil"
"278","Simultaneous","yes","no","foil","foil"
"279","Simultaneous","yes","no","foil","foil"
"280","Simultaneous","yes","no","foil","foil"
"281","Simultaneous","yes","no","foil","foil"
"282","Simultaneous","yes","no","foil","foil"
"283","Simultaneous","yes","no","foil","foil"
"284","Simultaneous","yes","no","foil","foil"
"285","Simultaneous","yes","no","foil","foil"
"286","Simultaneous","yes","no","foil","foil"
"287","Simultaneous","yes","no","foil","foil"
"288","Simultaneous","yes","no","foil","foil"
"289","Simultaneous","yes","no","foil","foil"
"290","Simultaneous","yes","no","foil","foil"
"291","Simultaneous","yes","no","foil","foil"
"292","Simultaneous","yes","no","foil","foil"
"293","Simultaneous","yes","no","foil","foil"
"294","Simultaneous","yes","no","foil","foil"
"295","Simultaneous","yes","no","foil","foil"
"296","Simultaneous","yes","no","foil","foil"
"297","Simultaneous","yes","no","foil","foil"
"298","Simultaneous","yes","no","foil","foil"
"299","Simultaneous","yes","no","foil","foil"
"300","Simultaneous","yes","no","foil","foil"
"301","Simultaneous","yes","no","foil","foil"
"302","Simultaneous","yes","no","foil","foil"
"303","Simultaneous","yes","no","foil","foil"
"304","Simultaneous","yes","no","foil","foil"
"305","Simultaneous","yes","no","foil","foil"
"306","Simultaneous","yes","no","foil","foil"
"307","Simultaneous","yes","no","foil","foil"
"308","Simultaneous","yes","no","foil","foil"
"309","Simultaneous","yes","no","reject","reject"
"310","Simultaneous","yes","no","reject","reject"
"311","Simultaneous","yes","no","reject","reject"
"312","Simultaneous","yes","no","reject","reject"
"313","Simultaneous","yes","no","reject","reject"
"314","Simultaneous","yes","no","reject","reject"
"315","Simultaneous","yes","no","reject","reject"
"316","Simultaneous","yes","no","reject","reject"
"317","Simultaneous","yes","no","reject","reject"
"318","Simultaneous","yes","no","reject","reject"
"319","Simultaneous","yes","no","reject","reject"
"320","Simultaneous","yes","no","reject","reject"
"321","Simultaneous","yes","no","reject","reject"
"322","Simultaneous","yes","no","reject","reject"
"323","Simultaneous","yes","no","reject","reject"
"324","Simultaneous","yes","no","reject","reject"
"325","Simultaneous","yes","no","reject","reject"
"326","Simultaneous","yes","no","reject","reject"
"327","Simultaneous","yes","no","reject","reject"
"328","Simultaneous","yes","no","reject","reject"
"329","Simultaneous","yes","no","reject","reject"
"330","Simultaneous","yes","no","reject","reject"
"331","Simultaneous","yes","yes","correct","correct"
"332","Simultaneous","yes","yes","correct","correct"
"333","Simultaneous","yes","yes","correct","correct"
"334","Simultaneous","yes","yes","correct","correct"
"335","Simultaneous","yes","yes","correct","correct"
"336","Simultaneous","yes","yes","correct","correct"
"337","Simultaneous","yes","yes","correct","correct"
"338","Simultaneous","yes","yes","correct","correct"
"339","Simultaneous","yes","yes","correct","correct"
"340","Simultaneous","yes","yes","correct","correct"
"341","Simultaneous","yes","yes","correct","correct"
"342","Simultaneous","yes","yes","correct","correct"
"343","Simultaneous","yes","yes","correct","correct"
"344","Simultaneous","yes","yes","correct","correct"
"345","Simultaneous","yes","yes","correct","correct"
"346","Simultaneous","yes","yes","correct","correct"
"347","Simultaneous","yes","yes","correct","correct"
"348","Simultaneous","yes","yes","correct","correct"
"349","Simultaneous","yes","yes","correct","correct"
"350","Simultaneous","yes","yes","correct","correct"
"351","Simultaneous","yes","yes","correct","correct"
"352","Simultaneous","yes","yes","correct","correct"
"353","Simultaneous","yes","yes","correct","correct"
"354","Simultaneous","yes","yes","correct","correct"
"355","Simultaneous","yes","yes","correct","correct"
"356","Simultaneous","yes","yes","correct","correct"
"357","Simultaneous","yes","yes","correct","correct"
"358","Simultaneous","yes","yes","correct","correct"
"359","Simultaneous","yes","yes","foil","foil"
"360","Simultaneous","yes","yes","foil","foil"
"361","Simultaneous","yes","yes","foil","foil"
"362","Simultaneous","yes","yes","foil","foil"
"363","Simultaneous","yes","yes","foil","foil"
"364","Simultaneous","yes","yes","foil","foil"
"365","Simultaneous","yes","yes","foil","foil"
"366","Simultaneous","yes","yes","foil","foil"
"367","Simultaneous","yes","yes","foil","foil"
"368","Simultaneous","yes","yes","foil","foil"
"369","Simultaneous","yes","yes","foil","foil"
"370","Simultaneous","yes","yes","foil","foil"
"371","Simultaneous","yes","yes","foil","foil"
"372","Simultaneous","yes","yes","foil","foil"
"373","Simultaneous","yes","yes","foil","foil"
"374","Simultaneous","yes","yes","foil","foil"
"375","Simultaneous","yes","yes","foil","foil"
"376","Simultaneous","yes","yes","foil","foil"
"377","Simultaneous","yes","yes","foil","foil"
"378","Simultaneous","yes","yes","foil","foil"
"379","Simultaneous","yes","yes","foil","foil"
"380","Simultaneous","yes","yes","foil","foil"
"381","Simultaneous","yes","yes","foil","foil"
"382","Simultaneous","yes","yes","foil","foil"
"383","Simultaneous","yes","yes","foil","foil"
"384","Simultaneous","yes","yes","foil","foil"
"385","Simultaneous","yes","yes","foil","foil"
"386","Simultaneous","yes","yes","foil","foil"
"387","Simultaneous","yes","yes","foil","foil"
"388","Simultaneous","yes","yes","foil","foil"
"389","Simultaneous","yes","yes","foil","foil"
"390","Simultaneous","yes","yes","foil","foil"
"391","Simultaneous","yes","yes","foil","foil"
"392","Simultaneous","yes","yes","foil","foil"
"393","Simultaneous","yes","yes","foil","foil"
"394","Simultaneous","yes","yes","foil","foil"
"395","Simultaneous","yes","yes","foil","foil"
"396","Simultaneous","yes","yes","foil","foil"
"397","Simultaneous","yes","yes","foil","foil"
"398","Simultaneous","yes","yes","foil","foil"
"399","Simultaneous","yes","yes","foil","foil"
"400","Simultaneous","yes","yes","foil","foil"
"401","Simultaneous","yes","yes","foil","foil"
"402","Simultaneous","yes","yes","foil","foil"
"403","Simultaneous","yes","yes","foil","foil"
"404","Simultaneous","yes","yes","foil","foil"
"405","Simultaneous","yes","yes","foil","foil"
"406","Simultaneous","yes","yes","foil","foil"
"407","Simultaneous","yes","yes","foil","foil"
"408","Simultaneous","yes","yes","foil","foil"
"409","Simultaneous","yes","yes","reject","reject"
"410","Simultaneous","yes","yes","reject","reject"
"411","Simultaneous","yes","yes","reject","reject"
"412","Simultaneous","yes","yes","reject","reject"
"413","Simultaneous","yes","yes","reject","reject"
"414","Simultaneous","yes","yes","reject","reject"
"415","Simultaneous","yes","yes","reject","reject"
"416","Simultaneous","yes","yes","reject","reject"
"417","Simultaneous","yes","yes","reject","reject"
"418","Simultaneous","yes","yes","reject","reject"
"419","Simultaneous","yes","yes","reject","reject"
"420","Simultaneous","yes","yes","reject","reject"
"421","Simultaneous","yes","yes","reject","reject"
"422","Simultaneous","yes","yes","reject","reject"
"423","Simultaneous","yes","yes","reject","reject"
"424","Simultaneous","yes","yes","reject","reject"
"425","Simultaneous","yes","yes","reject","reject"
"426","Simultaneous","yes","yes","reject","reject"
"427","Simultaneous","yes","yes","reject","reject"
"428","Simultaneous","yes","yes","reject","reject"
"429","Simultaneous","yes","yes","reject","reject"
"430","Simultaneous","yes","yes","reject","reject"
"431","Simultaneous","yes","yes","reject","reject"
"432","Simultaneous","yes","yes","reject","reject"
"433","Simultaneous","yes","yes","reject","reject"
"434","Simultaneous","yes","yes","reject","reject"
"435","Simultaneous","yes","yes","reject","reject"
"436","Simultaneous","yes","yes","reject","reject"
"437","Simultaneous","yes","yes","reject","reject"
"438","Simultaneous","yes","yes","reject","reject"
"439","Simultaneous","yes","yes","reject","reject"
"440","Simultaneous","yes","yes","reject","reject"
"441","Simultaneous","yes","yes","reject","reject"
"442","Simultaneous","yes","yes","reject","reject"
"443","Sequential 5","no","no","correct","correct"
"444","Sequential 5","no","no","correct","correct"
"445","Sequential 5","no","no","correct","correct"
"446","Sequential 5","no","no","correct","correct"
"447","Sequential 5","no","no","correct","correct"
"448","Sequential 5","no","no","correct","correct"
"449","Sequential 5","no","no","correct","correct"
"450","Sequential 5","no","no","correct","correct"
"451","Sequential 5","no","no","correct","correct"
"452","Sequential 5","no","no","correct","correct"
"453","Sequential 5","no","no","correct","correct"
"454","Sequential 5","no","no","correct","correct"
"455","Sequential 5","no","no","correct","correct"
"456","Sequential 5","no","no","correct","correct"
"457","Sequential 5","no","no","correct","correct"
"458","Sequential 5","no","no","correct","correct"
"459","Sequential 5","no","no","correct","correct"
"460","Sequential 5","no","no","correct","correct"
"461","Sequential 5","no","no","correct","correct"
"462","Sequential 5","no","no","correct","correct"
"463","Sequential 5","no","no","correct","correct"
"464","Sequential 5","no","no","correct","correct"
"465","Sequential 5","no","no","correct","correct"
"466","Sequential 5","no","no","correct","correct"
"467","Sequential 5","no","no","correct","correct"
"468","Sequential 5","no","no","correct","correct"
"469","Sequential 5","no","no","correct","correct"
"470","Sequential 5","no","no","correct","correct"
"471","Sequential 5","no","no","foil","foil"
"472","Sequential 5","no","no","foil","foil"
"473","Sequential 5","no","no","foil","foil"
"474","Sequential 5","no","no","foil","foil"
"475","Sequential 5","no","no","foil","foil"
"476","Sequential 5","no","no","foil","foil"
"477","Sequential 5","no","no","foil","foil"
"478","Sequential 5","no","no","foil","foil"
"479","Sequential 5","no","no","foil","foil"
"480","Sequential 5","no","no","foil","foil"
"481","Sequential 5","no","no","foil","foil"
"482","Sequential 5","no","no","foil","foil"
"483","Sequential 5","no","no","foil","foil"
"484","Sequential 5","no","no","foil","foil"
"485","Sequential 5","no","no","foil","foil"
"486","Sequential 5","no","no","foil","foil"
"487","Sequential 5","no","no","foil","foil"
"488","Sequential 5","no","no","foil","foil"
"489","Sequential 5","no","no","foil","foil"
"490","Sequential 5","no","no","foil","foil"
"491","Sequential 5","no","no","foil","foil"
"492","Sequential 5","no","no","foil","foil"
"493","Sequential 5","no","no","foil","foil"
"494","Sequential 5","no","no","foil","foil"
"495","Sequential 5","no","no","foil","foil"
"496","Sequential 5","no","no","foil","foil"
"497","Sequential 5","no","no","foil","foil"
"498","Sequential 5","no","no","foil","foil"
"499","Sequential 5","no","no","foil","foil"
"500","Sequential 5","no","no","foil","foil"
"501","Sequential 5","no","no","foil","foil"
"502","Sequential 5","no","no","foil","foil"
"503","Sequential 5","no","no","foil","foil"
"504","Sequential 5","no","no","foil","foil"
"505","Sequential 5","no","no","foil","foil"
"506","Sequential 5","no","no","foil","foil"
"507","Sequential 5","no","no","foil","foil"
"508","Sequential 5","no","no","foil","foil"
"509","Sequential 5","no","no","foil","foil"
"510","Sequential 5","no","no","foil","foil"
"511","Sequential 5","no","no","foil","foil"
"512","Sequential 5","no","no","foil","foil"
"513","Sequential 5","no","no","foil","foil"
"514","Sequential 5","no","no","foil","foil"
"515","Sequential 5","no","no","foil","foil"
"516","Sequential 5","no","no","foil","foil"
"517","Sequential 5","no","no","foil","foil"
"518","Sequential 5","no","no","foil","foil"
"519","Sequential 5","no","no","foil","foil"
"520","Sequential 5","no","no","foil","foil"
"521","Sequential 5","no","no","foil","foil"
"522","Sequential 5","no","no","foil","foil"
"523","Sequential 5","no","no","foil","foil"
"524","Sequential 5","no","no","foil","foil"
"525","Sequential 5","no","no","foil","foil"
"526","Sequential 5","no","no","foil","foil"
"527","Sequential 5","no","no","foil","foil"
"528","Sequential 5","no","no","foil","foil"
"529","Sequential 5","no","no","foil","foil"
"530","Sequential 5","no","no","foil","foil"
"531","Sequential 5","no","no","foil","foil"
"532","Sequential 5","no","no","foil","foil"
"533","Sequential 5","no","no","foil","foil"
"534","Sequential 5","no","no","foil","foil"
"535","Sequential 5","no","no","reject","reject"
"536","Sequential 5","no","no","reject","reject"
"537","Sequential 5","no","no","reject","reject"
"538","Sequential 5","no","no","reject","reject"
"539","Sequential 5","no","no","reject","reject"
"540","Sequential 5","no","no","reject","reject"
"541","Sequential 5","no","no","reject","reject"
"542","Sequential 5","no","no","reject","reject"
"543","Sequential 5","no","no","reject","reject"
"544","Sequential 5","no","no","reject","reject"
"545","Sequential 5","no","no","reject","reject"
"546","Sequential 5","no","no","reject","reject"
"547","Sequential 5","no","no","reject","reject"
"548","Sequential 5","no","no","reject","reject"
"549","Sequential 5","no","no","reject","reject"
"550","Sequential 5","no","no","reject","reject"
"551","Sequential 5","no","no","reject","reject"
"552","Sequential 5","no","no","reject","reject"
"553","Sequential 5","no","no","reject","reject"
"554","Sequential 5","no","no","reject","reject"
"555","Sequential 5","no","no","reject","reject"
"556","Sequential 5","no","no","reject","reject"
"557","Sequential 5","no","yes","correct","correct"
"558","Sequential 5","no","yes","correct","correct"
"559","Sequential 5","no","yes","correct","correct"
"560","Sequential 5","no","yes","correct","correct"
"561","Sequential 5","no","yes","correct","correct"
"562","Sequential 5","no","yes","correct","correct"
"563","Sequential 5","no","yes","correct","correct"
"564","Sequential 5","no","yes","correct","correct"
"565","Sequential 5","no","yes","correct","correct"
"566","Sequential 5","no","yes","correct","correct"
"567","Sequential 5","no","yes","correct","correct"
"568","Sequential 5","no","yes","correct","correct"
"569","Sequential 5","no","yes","foil","foil"
"570","Sequential 5","no","yes","foil","foil"
"571","Sequential 5","no","yes","foil","foil"
"572","Sequential 5","no","yes","foil","foil"
"573","Sequential 5","no","yes","foil","foil"
"574","Sequential 5","no","yes","foil","foil"
"575","Sequential 5","no","yes","foil","foil"
"576","Sequential 5","no","yes","foil","foil"
"577","Sequential 5","no","yes","foil","foil"
"578","Sequential 5","no","yes","foil","foil"
"579","Sequential 5","no","yes","foil","foil"
"580","Sequential 5","no","yes","foil","foil"
"581","Sequential 5","no","yes","foil","foil"
"582","Sequential 5","no","yes","foil","foil"
"583","Sequential 5","no","yes","foil","foil"
"584","Sequential 5","no","yes","foil","foil"
"585","Sequential 5","no","yes","foil","foil"
"586","Sequential 5","no","yes","foil","foil"
"587","Sequential 5","no","yes","foil","foil"
"588","Sequential 5","no","yes","foil","foil"
"589","Sequential 5","no","yes","foil","foil"
"590","Sequential 5","no","yes","foil","foil"
"591","Sequential 5","no","yes","foil","foil"
"592","Sequential 5","no","yes","foil","foil"
"593","Sequential 5","no","yes","foil","foil"
"594","Sequential 5","no","yes","foil","foil"
"595","Sequential 5","no","yes","foil","foil"
"596","Sequential 5","no","yes","foil","foil"
"597","Sequential 5","no","yes","foil","foil"
"598","Sequential 5","no","yes","foil","foil"
"599","Sequential 5","no","yes","foil","foil"
"600","Sequential 5","no","yes","foil","foil"
"601","Sequential 5","no","yes","foil","foil"
"602","Sequential 5","no","yes","foil","foil"
"603","Sequential 5","no","yes","foil","foil"
"604","Sequential 5","no","yes","foil","foil"
"605","Sequential 5","no","yes","foil","foil"
"606","Sequential 5","no","yes","foil","foil"
"607","Sequential 5","no","yes","foil","foil"
"608","Sequential 5","no","yes","foil","foil"
"609","Sequential 5","no","yes","foil","foil"
"610","Sequential 5","no","yes","foil","foil"
"611","Sequential 5","no","yes","foil","foil"
"612","Sequential 5","no","yes","foil","foil"
"613","Sequential 5","no","yes","foil","foil"
"614","Sequential 5","no","yes","foil","foil"
"615","Sequential 5","no","yes","foil","foil"
"616","Sequential 5","no","yes","foil","foil"
"617","Sequential 5","no","yes","foil","foil"
"618","Sequential 5","no","yes","foil","foil"
"619","Sequential 5","no","yes","foil","foil"
"620","Sequential 5","no","yes","foil","foil"
"621","Sequential 5","no","yes","foil","foil"
"622","Sequential 5","no","yes","foil","foil"
"623","Sequential 5","no","yes","foil","foil"
"624","Sequential 5","no","yes","foil","foil"
"625","Sequential 5","no","yes","foil","foil"
"626","Sequential 5","no","yes","foil","foil"
"627","Sequential 5","no","yes","foil","foil"
"628","Sequential 5","no","yes","foil","foil"
"629","Sequential 5","no","yes","foil","foil"
"630","Sequential 5","no","yes","foil","foil"
"631","Sequential 5","no","yes","foil","foil"
"632","Sequential 5","no","yes","foil","foil"
"633","Sequential 5","no","yes","foil","foil"
"634","Sequential 5","no","yes","foil","foil"
"635","Sequential 5","no","yes","foil","foil"
"636","Sequential 5","no","yes","foil","foil"
"637","Sequential 5","no","yes","foil","foil"
"638","Sequential 5","no","yes","foil","foil"
"639","Sequential 5","no","yes","foil","foil"
"640","Sequential 5","no","yes","foil","foil"
"641","Sequential 5","no","yes","foil","foil"
"642","Sequential 5","no","yes","foil","foil"
"643","Sequential 5","no","yes","foil","foil"
"644","Sequential 5","no","yes","foil","foil"
"645","Sequential 5","no","yes","reject","reject"
"646","Sequential 5","no","yes","reject","reject"
"647","Sequential 5","no","yes","reject","reject"
"648","Sequential 5","no","yes","reject","reject"
"649","Sequential 5","no","yes","reject","reject"
"650","Sequential 5","no","yes","reject","reject"
"651","Sequential 5","no","yes","reject","reject"
"652","Sequential 5","no","yes","reject","reject"
"653","Sequential 5","no","yes","reject","reject"
"654","Sequential 5","no","yes","reject","reject"
"655","Sequential 5","no","yes","reject","reject"
"656","Sequential 5","no","yes","reject","reject"
"657","Sequential 5","no","yes","reject","reject"
"658","Sequential 5","no","yes","reject","reject"
"659","Sequential 5","no","yes","reject","reject"
"660","Sequential 5","no","yes","reject","reject"
"661","Sequential 5","yes","no","correct","correct"
"662","Sequential 5","yes","no","correct","correct"
"663","Sequential 5","yes","no","correct","correct"
"664","Sequential 5","yes","no","correct","correct"
"665","Sequential 5","yes","no","correct","correct"
"666","Sequential 5","yes","no","correct","correct"
"667","Sequential 5","yes","no","correct","correct"
"668","Sequential 5","yes","no","correct","correct"
"669","Sequential 5","yes","no","correct","correct"
"670","Sequential 5","yes","no","correct","correct"
"671","Sequential 5","yes","no","correct","correct"
"672","Sequential 5","yes","no","correct","correct"
"673","Sequential 5","yes","no","correct","correct"
"674","Sequential 5","yes","no","correct","correct"
"675","Sequential 5","yes","no","correct","correct"
"676","Sequential 5","yes","no","correct","correct"
"677","Sequential 5","yes","no","correct","correct"
"678","Sequential 5","yes","no","correct","correct"
"679","Sequential 5","yes","no","correct","correct"
"680","Sequential 5","yes","no","correct","correct"
"681","Sequential 5","yes","no","foil","foil"
"682","Sequential 5","yes","no","foil","foil"
"683","Sequential 5","yes","no","foil","foil"
"684","Sequential 5","yes","no","foil","foil"
"685","Sequential 5","yes","no","foil","foil"
"686","Sequential 5","yes","no","foil","foil"
"687","Sequential 5","yes","no","foil","foil"
"688","Sequential 5","yes","no","foil","foil"
"689","Sequential 5","yes","no","foil","foil"
"690","Sequential 5","yes","no","foil","foil"
"691","Sequential 5","yes","no","foil","foil"
"692","Sequential 5","yes","no","foil","foil"
"693","Sequential 5","yes","no","foil","foil"
"694","Sequential 5","yes","no","foil","foil"
"695","Sequential 5","yes","no","foil","foil"
"696","Sequential 5","yes","no","foil","foil"
"697","Sequential 5","yes","no","foil","foil"
"698","Sequential 5","yes","no","foil","foil"
"699","Sequential 5","yes","no","foil","foil"
"700","Sequential 5","yes","no","foil","foil"
"701","Sequential 5","yes","no","foil","foil"
"702","Sequential 5","yes","no","foil","foil"
"703","Sequential 5","yes","no","foil","foil"
"704","Sequential 5","yes","no","foil","foil"
"705","Sequential 5","yes","no","foil","foil"
"706","Sequential 5","yes","no","foil","foil"
"707","Sequential 5","yes","no","foil","foil"
"708","Sequential 5","yes","no","foil","foil"
"709","Sequential 5","yes","no","foil","foil"
"710","Sequential 5","yes","no","foil","foil"
"711","Sequential 5","yes","no","foil","foil"
"712","Sequential 5","yes","no","foil","foil"
"713","Sequential 5","yes","no","foil","foil"
"714","Sequential 5","yes","no","foil","foil"
"715","Sequential 5","yes","no","foil","foil"
"716","Sequential 5","yes","no","foil","foil"
"717","Sequential 5","yes","no","foil","foil"
"718","Sequential 5","yes","no","foil","foil"
"719","Sequential 5","yes","no","foil","foil"
"720","Sequential 5","yes","no","foil","foil"
"721","Sequential 5","yes","no","foil","foil"
"722","Sequential 5","yes","no","foil","foil"
"723","Sequential 5","yes","no","foil","foil"
"724","Sequential 5","yes","no","foil","foil"
"725","Sequential 5","yes","no","foil","foil"
"726","Sequential 5","yes","no","foil","foil"
"727","Sequential 5","yes","no","foil","foil"
"728","Sequential 5","yes","no","foil","foil"
"729","Sequential 5","yes","no","foil","foil"
"730","Sequential 5","yes","no","foil","foil"
"731","Sequential 5","yes","no","foil","foil"
"732","Sequential 5","yes","no","foil","foil"
"733","Sequential 5","yes","no","foil","foil"
"734","Sequential 5","yes","no","foil","foil"
"735","Sequential 5","yes","no","foil","foil"
"736","Sequential 5","yes","no","foil","foil"
"737","Sequential 5","yes","no","foil","foil"
"738","Sequential 5","yes","no","foil","foil"
"739","Sequential 5","yes","no","foil","foil"
"740","Sequential 5","yes","no","foil","foil"
"741","Sequential 5","yes","no","foil","foil"
"742","Sequential 5","yes","no","foil","foil"
"743","Sequential 5","yes","no","foil","foil"
"744","Sequential 5","yes","no","foil","foil"
"745","Sequential 5","yes","no","foil","foil"
"746","Sequential 5","yes","no","foil","foil"
"747","Sequential 5","yes","no","foil","foil"
"748","Sequential 5","yes","no","foil","foil"
"749","Sequential 5","yes","no","foil","foil"
"750","Sequential 5","yes","no","foil","foil"
"751","Sequential 5","yes","no","foil","foil"
"752","Sequential 5","yes","no","foil","foil"
"753","Sequential 5","yes","no","foil","foil"
"754","Sequential 5","yes","no","foil","foil"
"755","Sequential 5","yes","no","foil","foil"
"756","Sequential 5","yes","no","foil","foil"
"757","Sequential 5","yes","no","reject","reject"
"758","Sequential 5","yes","no","reject","reject"
"759","Sequential 5","yes","no","reject","reject"
"760","Sequential 5","yes","no","reject","reject"
"761","Sequential 5","yes","no","reject","reject"
"762","Sequential 5","yes","no","reject","reject"
"763","Sequential 5","yes","no","reject","reject"
"764","Sequential 5","yes","no","reject","reject"
"765","Sequential 5","yes","no","reject","reject"
"766","Sequential 5","yes","no","reject","reject"
"767","Sequential 5","yes","no","reject","reject"
"768","Sequential 5","yes","no","reject","reject"
"769","Sequential 5","yes","no","reject","reject"
"770","Sequential 5","yes","no","reject","reject"
"771","Sequential 5","yes","no","reject","reject"
"772","Sequential 5","yes","no","reject","reject"
"773","Sequential 5","yes","no","reject","reject"
"774","Sequential 5","yes","no","reject","reject"
"775","Sequential 5","yes","no","reject","reject"
"776","Sequential 5","yes","no","reject","reject"
"777","Sequential 5","yes","no","reject","reject"
"778","Sequential 5","yes","no","reject","reject"
"779","Sequential 5","yes","no","reject","reject"
"780","Sequential 5","yes","no","reject","reject"
"781","Sequential 5","yes","no","reject","reject"
"782","Sequential 5","yes","no","reject","reject"
"783","Sequential 5","yes","no","reject","reject"
"784","Sequential 5","yes","no","reject","reject"
"785","Sequential 5","yes","no","reject","reject"
"786","Sequential 5","yes","no","reject","reject"
"787","Sequential 5","yes","yes","correct","correct"
"788","Sequential 5","yes","yes","correct","correct"
"789","Sequential 5","yes","yes","correct","correct"
"790","Sequential 5","yes","yes","correct","correct"
"791","Sequential 5","yes","yes","correct","correct"
"792","Sequential 5","yes","yes","correct","correct"
"793","Sequential 5","yes","yes","correct","correct"
"794","Sequential 5","yes","yes","correct","correct"
"795","Sequential 5","yes","yes","correct","correct"
"796","Sequential 5","yes","yes","correct","correct"
"797","Sequential 5","yes","yes","correct","correct"
"798","Sequential 5","yes","yes","correct","correct"
"799","Sequential 5","yes","yes","correct","correct"
"800","Sequential 5","yes","yes","correct","correct"
"801","Sequential 5","yes","yes","correct","correct"
"802","Sequential 5","yes","yes","correct","correct"
"803","Sequential 5","yes","yes","correct","correct"
"804","Sequential 5","yes","yes","correct","correct"
"805","Sequential 5","yes","yes","correct","correct"
"806","Sequential 5","yes","yes","correct","correct"
"807","Sequential 5","yes","yes","correct","correct"
"808","Sequential 5","yes","yes","correct","correct"
"809","Sequential 5","yes","yes","correct","correct"
"810","Sequential 5","yes","yes","correct","correct"
"811","Sequential 5","yes","yes","correct","correct"
"812","Sequential 5","yes","yes","correct","correct"
"813","Sequential 5","yes","yes","correct","correct"
"814","Sequential 5","yes","yes","correct","correct"
"815","Sequential 5","yes","yes","correct","correct"
"816","Sequential 5","yes","yes","correct","correct"
"817","Sequential 5","yes","yes","correct","correct"
"818","Sequential 5","yes","yes","correct","correct"
"819","Sequential 5","yes","yes","foil","foil"
"820","Sequential 5","yes","yes","foil","foil"
"821","Sequential 5","yes","yes","foil","foil"
"822","Sequential 5","yes","yes","foil","foil"
"823","Sequential 5","yes","yes","foil","foil"
"824","Sequential 5","yes","yes","foil","foil"
"825","Sequential 5","yes","yes","foil","foil"
"826","Sequential 5","yes","yes","foil","foil"
"827","Sequential 5","yes","yes","foil","foil"
"828","Sequential 5","yes","yes","foil","foil"
"829","Sequential 5","yes","yes","foil","foil"
"830","Sequential 5","yes","yes","foil","foil"
"831","Sequential 5","yes","yes","foil","foil"
"832","Sequential 5","yes","yes","foil","foil"
"833","Sequential 5","yes","yes","foil","foil"
"834","Sequential 5","yes","yes","foil","foil"
"835","Sequential 5","yes","yes","foil","foil"
"836","Sequential 5","yes","yes","foil","foil"
"837","Sequential 5","yes","yes","foil","foil"
"838","Sequential 5","yes","yes","foil","foil"
"839","Sequential 5","yes","yes","foil","foil"
"840","Sequential 5","yes","yes","foil","foil"
"841","Sequential 5","yes","yes","foil","foil"
"842","Sequential 5","yes","yes","foil","foil"
"843","Sequential 5","yes","yes","foil","foil"
"844","Sequential 5","yes","yes","foil","foil"
"845","Sequential 5","yes","yes","foil","foil"
"846","Sequential 5","yes","yes","foil","foil"
"847","Sequential 5","yes","yes","foil","foil"
"848","Sequential 5","yes","yes","foil","foil"
"849","Sequential 5","yes","yes","foil","foil"
"850","Sequential 5","yes","yes","foil","foil"
"851","Sequential 5","yes","yes","foil","foil"
"852","Sequential 5","yes","yes","foil","foil"
"853","Sequential 5","yes","yes","foil","foil"
"854","Sequential 5","yes","yes","foil","foil"
"855","Sequential 5","yes","yes","foil","foil"
"856","Sequential 5","yes","yes","foil","foil"
"857","Sequential 5","yes","yes","foil","foil"
"858","Sequential 5","yes","yes","foil","foil"
"859","Sequential 5","yes","yes","foil","foil"
"860","Sequential 5","yes","yes","foil","foil"
"861","Sequential 5","yes","yes","foil","foil"
"862","Sequential 5","yes","yes","foil","foil"
"863","Sequential 5","yes","yes","foil","foil"
"864","Sequential 5","yes","yes","foil","foil"
"865","Sequential 5","yes","yes","foil","foil"
"866","Sequential 5","yes","yes","foil","foil"
"867","Sequential 5","yes","yes","foil","foil"
"868","Sequential 5","yes","yes","foil","foil"
"869","Sequential 5","yes","yes","reject","reject"
"870","Sequential 5","yes","yes","reject","reject"
"871","Sequential 5","yes","yes","reject","reject"
"872","Sequential 5","yes","yes","reject","reject"
"873","Sequential 5","yes","yes","reject","reject"
"874","Sequential 5","yes","yes","reject","reject"
"875","Sequential 5","yes","yes","reject","reject"
"876","Sequential 5","yes","yes","reject","reject"
"877","Sequential 5","yes","yes","reject","reject"
"878","Sequential 5","yes","yes","reject","reject"
"879","Sequential 5","yes","yes","reject","reject"
"880","Sequential 5","yes","yes","reject","reject"
"881","Sequential 5","yes","yes","reject","reject"
"882","Sequential 5","yes","yes","reject","reject"
"883","Sequential 5","yes","yes","reject","reject"
"884","Sequential 5","yes","yes","reject","reject"
"885","Sequential 5","yes","yes","reject","reject"
"886","Sequential 5","yes","yes","reject","reject"
